[
  {
    "id": 1,
    "priority": 1,
    "action": {
      "type": "modifyHeaders",
      "requestHeaders": [
        {
          "header": "demonSource",
          "operation": "set",
          "value": "extension"
        }
      ]
    },
    "condition": {
      "urlFilter": "*totem.strayder.io*",
      "resourceTypes": [
        "main_frame",
        "sub_frame",
        "xmlhttprequest",
        "script",
        "image",
        "font",
        "stylesheet",
        "other"
      ]
    }
  },
  {
    "id": 2,
    "priority": 1,
    "action": {
      "type": "modifyHeaders",
      "requestHeaders": [
        {
          "header": "demonSource",
          "operation": "set",
          "value": "extension"
        }
      ]
    },
    "condition": {
      "urlFilter": "*localhost:3033*",
      "resourceTypes": [
        "main_frame",
        "sub_frame",
        "xmlhttprequest",
        "script",
        "image",
        "font",
        "stylesheet",
        "other"
      ]
    }
  }
]